text,L1,L2
"Board of directors approved new executive compensation structure",Governance,BoardOversight
"Independent audit committee reviewed quarterly financial statements",Governance,BoardOversight
"Shareholders voted on merger proposal at annual meeting",Governance,ShareholderRights
"Corporate governance policy updated to include ESG factors",Governance,CorporatePolicy
"Executive leadership succession planning process initiated",Governance,BoardOversight
"Proxy statement filed with regulatory authorities",Governance,ShareholderRights
"Board independence requirements assessment completed",Governance,BoardOversight
"Corporate social responsibility framework established",Governance,CorporatePolicy
"Annual governance effectiveness review conducted",Governance,BoardOversight
"Shareholder engagement strategy updated for next quarter",Governance,ShareholderRights
"Ethics and conduct policy training mandatory for all staff",Governance,CorporatePolicy
"Audit committee charter revised to include cybersecurity oversight",Governance,BoardOversight
"Dividend policy reviewed by compensation committee",Governance,ShareholderRights
"Corporate bylaws amended to reflect regulatory changes",Governance,CorporatePolicy
"Director nomination process enhanced with diversity requirements",Governance,BoardOversight
"Market risk exposure increased due to volatility",Risk,MarketRisk
"Credit risk assessment shows deteriorating loan portfolio quality",Risk,CreditRisk
"Operational risk incident reported in trading systems",Risk,OperationalRisk
"Liquidity risk monitoring indicates stress in funding markets",Risk,LiquidityRisk
"Cybersecurity risk assessment identifies critical vulnerabilities",Risk,CyberRisk
"Interest rate risk hedging strategy implementation",Risk,MarketRisk
"Default rates rising in consumer lending portfolio",Risk,CreditRisk
"Technology system failure caused trading interruption",Risk,OperationalRisk
"Stress testing reveals capital adequacy concerns",Risk,CapitalRisk
"Third-party vendor risk assessment completed",Risk,OperationalRisk
"Currency exchange risk hedged through derivatives",Risk,MarketRisk
"Credit concentration risk exceeds internal limits",Risk,CreditRisk
"Business continuity plan tested for pandemic scenario",Risk,OperationalRisk
"Model risk validation for credit scoring algorithms",Risk,ModelRisk
"Reputational risk from social media incident managed",Risk,ReputationalRisk
"SEC examination notice received for trading practices",Compliance,RegulatoryCompliance
"Anti-money laundering controls tested and validated",Compliance,AMLCompliance
"GDPR privacy compliance assessment completed",Compliance,DataPrivacy
"Sarbanes-Oxley internal controls certification submitted",Compliance,FinancialReporting
"FINRA audit of sales practices scheduled for next month",Compliance,RegulatoryCompliance
"Know Your Customer procedures updated per new regulations",Compliance,AMLCompliance
"Consumer protection compliance training completed",Compliance,ConsumerProtection
"Basel III capital requirements compliance verified",Compliance,RegulatoryCompliance
"Suspicious activity reports filed with FinCEN",Compliance,AMLCompliance
"Data retention policy updated for regulatory compliance",Compliance,DataPrivacy
"Fair lending practices audit shows no violations",Compliance,ConsumerProtection
"Dodd-Frank compliance assessment completed successfully",Compliance,RegulatoryCompliance
"Customer data encryption standards implemented",Compliance,DataPrivacy
"Truth in Lending Act disclosures reviewed and updated",Compliance,ConsumerProtection
"Internal audit findings on controls require remediation",Compliance,InternalAudit
"Commodity trading position limits monitored daily",Risk,MarketRisk
"Loan loss provisions increased based on economic outlook",Risk,CreditRisk
"Fraud detection system identified suspicious transactions",Risk,OperationalRisk
"Funding diversification strategy reduces liquidity risk",Risk,LiquidityRisk
"Penetration testing reveals network security gaps",Risk,CyberRisk
"Value at Risk calculations updated with new methodology",Risk,MarketRisk
"Commercial real estate exposure concentration reviewed",Risk,CreditRisk
"Key person risk in derivatives trading group assessed",Risk,OperationalRisk
"Capital planning incorporates stress test scenarios",Risk,CapitalRisk
"Business interruption insurance coverage evaluated",Risk,OperationalRisk
"Equity portfolio volatility increases market risk exposure",Risk,MarketRisk
"Charge-off rates exceed historical averages in retail lending",Risk,CreditRisk
"Trade settlement system outage causes operational loss",Risk,OperationalRisk
"Credit risk models recalibrated for current environment",Risk,ModelRisk
"Social media monitoring prevents reputational damage",Risk,ReputationalRisk
"Federal Reserve stress test submission prepared",Compliance,RegulatoryCompliance
"Bank Secrecy Act compliance program annual review",Compliance,AMLCompliance
"European data protection officer appointed",Compliance,DataPrivacy
"Management assessment of internal controls completed",Compliance,FinancialReporting
"CFTC registration renewal submitted on time",Compliance,RegulatoryCompliance
"Customer due diligence enhanced for high-risk clients",Compliance,AMLCompliance
"Fair Credit Reporting Act compliance audit passed",Compliance,ConsumerProtection
"Volcker Rule compliance monitoring system implemented",Compliance,RegulatoryCompliance
"Currency transaction reports filed accurately",Compliance,AMLCompliance
"Personal information breach response plan activated",Compliance,DataPrivacy
"Equal Credit Opportunity Act training conducted",Compliance,ConsumerProtection
"State banking regulator examination concluded",Compliance,RegulatoryCompliance
"Customer consent management system deployed",Compliance,DataPrivacy
"Home Mortgage Disclosure Act data submitted",Compliance,ConsumerProtection
"Internal audit plan approved by audit committee",Compliance,InternalAudit
"Board risk committee established with independent directors",Governance,BoardOversight
"Shareholder proposal on climate change voted down",Governance,ShareholderRights
"Code of conduct violations investigated and resolved",Governance,CorporatePolicy
"Executive compensation clawback policy implemented",Governance,BoardOversight
"Annual meeting governance matters approved by shareholders",Governance,ShareholderRights
"Whistleblower protection policy strengthened",Governance,CorporatePolicy
"Risk appetite statement approved by board",Governance,BoardOversight
"Proxy advisory firm recommendations reviewed",Governance,ShareholderRights
"Corporate governance rating improved by third party",Governance,CorporatePolicy
"Non-executive director training program launched",Governance,BoardOversight
"Activist investor engagement managed effectively",Governance,ShareholderRights
"Sustainability reporting framework adopted",Governance,CorporatePolicy
"Board evaluation process includes skills assessment",Governance,BoardOversight
"Shareholder voting guidelines updated annually",Governance,ShareholderRights
"Conflict of interest policy revised and communicated",Governance,CorporatePolicy
"Sovereign debt exposure creates country risk concern",Risk,MarketRisk
"Mortgage portfolio credit quality deteriorating rapidly",Risk,CreditRisk
"Rogue trading incident results in significant loss",Risk,OperationalRisk
"Deposit outflows strain short-term funding position",Risk,LiquidityRisk
"Ransomware attack compromises customer data systems",Risk,CyberRisk
"Credit spread widening impacts bond portfolio value",Risk,MarketRisk
"Small business loan delinquencies reach alarming levels",Risk,CreditRisk
"Manual process error causes payment processing delays",Risk,OperationalRisk
"Regulatory capital ratios approach minimum requirements",Risk,CapitalRisk
"Outsourcing vendor experiences service disruption",Risk,OperationalRisk
"Emerging market volatility affects investment portfolio",Risk,MarketRisk
"Auto loan securitization requires higher credit enhancement",Risk,CreditRisk
"Data center flooding disrupts critical operations",Risk,OperationalRisk
"Machine learning model shows prediction accuracy decline",Risk,ModelRisk
"Negative media coverage damages brand reputation",Risk,ReputationalRisk
"Consumer Financial Protection Bureau enforcement action received",Compliance,RegulatoryCompliance
"Transaction monitoring system flags potential money laundering",Compliance,AMLCompliance
"California Consumer Privacy Act compliance program implemented",Compliance,DataPrivacy
"Chief Financial Officer certification of financial statements",Compliance,FinancialReporting
"OCC examination focuses on credit risk management",Compliance,RegulatoryCompliance
"Beneficial ownership rule compliance verified for customers",Compliance,AMLCompliance
"Military Lending Act compliance review completed",Compliance,ConsumerProtection
"Comprehensive Capital Analysis and Review submission ready",Compliance,RegulatoryCompliance
"Geographic transaction pattern analysis detects anomalies",Compliance,AMLCompliance
"Right to be forgotten requests processed timely",Compliance,DataPrivacy
"Community Reinvestment Act performance evaluation prepared",Compliance,ConsumerProtection
"Commodity Futures Trading Commission rule changes implemented",Compliance,RegulatoryCompliance
"Cross-border data transfer agreements updated",Compliance,DataPrivacy
"Real Estate Settlement Procedures Act compliance verified",Compliance,ConsumerProtection
"Management letter response to auditors submitted",Compliance,InternalAudit
"Interest rate swap portfolio hedges duration risk effectively",Risk,MarketRisk
"Corporate bond defaults increase credit loss provisions",Risk,CreditRisk
"Third-party payment processor failure disrupts services",Risk,OperationalRisk
"Wholesale funding concentration exceeds risk tolerance",Risk,LiquidityRisk
"Phishing attack targets employee credentials successfully",Risk,CyberRisk
"Commodity price volatility impacts energy sector exposure",Risk,MarketRisk
"Credit card portfolio shows seasonal stress patterns",Risk,CreditRisk
"Regulatory reporting error discovered after submission",Risk,OperationalRisk
"Economic capital allocation updated for business lines",Risk,CapitalRisk
"Service level agreement breach by technology vendor",Risk,OperationalRisk
"Foreign exchange trading losses exceed daily limits",Risk,MarketRisk
"Commercial construction loan concentration assessed",Risk,CreditRisk
"System integration failure during software upgrade",Risk,OperationalRisk
"Stress testing model validation identifies weaknesses",Risk,ModelRisk
"Customer complaint volume increases reputational risk",Risk,ReputationalRisk
"Federal Deposit Insurance Corporation examination scheduled",Compliance,RegulatoryCompliance
"Politically exposed person screening enhanced",Compliance,AMLCompliance
"Data minimization principles applied to collection practices",Compliance,DataPrivacy
"Quarterly financial reporting timeline accelerated",Compliance,FinancialReporting
"Securities and Exchange Commission rule proposal analyzed",Compliance,RegulatoryCompliance
"Customer identification program updated for digital channels",Compliance,AMLCompliance
"Servicemembers Civil Relief Act compliance training delivered",Compliance,ConsumerProtection
"Liquidity Coverage Ratio reported monthly to regulators",Compliance,RegulatoryCompliance
"Wire transfer monitoring identifies sanctions violations",Compliance,AMLCompliance
"Consent decree compliance monitoring program established",Compliance,DataPrivacy
"Fair Debt Collection Practices Act procedures reviewed",Compliance,ConsumerProtection
"Investment Company Act compliance for mutual funds",Compliance,RegulatoryCompliance
"Privacy impact assessment for new mobile application",Compliance,DataPrivacy
"Flood insurance requirement compliance verified",Compliance,ConsumerProtection
"Audit committee pre-approval of non-audit services",Compliance,InternalAudit
"Independent board chair appointed to enhance governance",Governance,BoardOversight
"Say-on-pay vote results in executive compensation review",Governance,ShareholderRights
"Anti-corruption policy extended to all international operations",Governance,CorporatePolicy
"Board diversity report published in annual proxy statement",Governance,BoardOversight
"Special shareholder meeting called for strategic transaction",Governance,ShareholderRights
"Gift and entertainment policy limits strengthened",Governance,CorporatePolicy
"Risk management committee charter updated annually",Governance,BoardOversight
"Institutional investor stewardship guidelines adopted",Governance,ShareholderRights
"Environmental social governance integration accelerated",Governance,CorporatePolicy
"Board refreshment policy ensures director term limits",Governance,BoardOversight
"Shareholder resolution on political contributions withdrawn",Governance,ShareholderRights
"Vendor code of conduct mandatory for suppliers",Governance,CorporatePolicy
"Chief Risk Officer reports directly to board",Governance,BoardOversight
"Majority voting standard adopted for director elections",Governance,ShareholderRights
"Related party transaction approval process strengthened",Governance,CorporatePolicy
"Municipal bond portfolio concentration creates credit risk",Risk,CreditRisk
"High-frequency trading algorithms malfunction causes losses",Risk,OperationalRisk
"Central bank policy changes impact net interest margins",Risk,MarketRisk
"Corporate depositor withdrawals strain funding base",Risk,LiquidityRisk
"Distributed denial of service attack disrupts online banking",Risk,CyberRisk
"Credit derivative counterparty defaults on obligations",Risk,CreditRisk
"Settlement system failure prevents timely payments",Risk,OperationalRisk
"Basis risk emerges in asset liability management hedges",Risk,MarketRisk
"Tier 1 capital ratio declines below target level",Risk,CapitalRisk
"Critical vendor bankruptcy threatens service continuity",Risk,OperationalRisk
"Mortgage backed securities face credit downgrades",Risk,CreditRisk
"Natural disaster damages multiple branch locations",Risk,OperationalRisk
"Inflation expectations affect real estate valuations",Risk,MarketRisk
"Algorithmic trading model requires emergency shutdown",Risk,ModelRisk
"Regulatory investigation generates negative publicity",Risk,ReputationalRisk
"Office of Foreign Assets Control sanctions compliance verified",Compliance,AMLCompliance
"General Data Protection Regulation audit passed",Compliance,DataPrivacy
"National Credit Union Administration examination completed",Compliance,RegulatoryCompliance
"Chief Executive Officer management representation letter signed",Compliance,FinancialReporting
"Financial Industry Regulatory Authority fine payment made",Compliance,RegulatoryCompliance
"Enhanced due diligence procedures for correspondent banking",Compliance,AMLCompliance
"Electronic Fund Transfer Act error resolution improved",Compliance,ConsumerProtection
"Net Stable Funding Ratio calculation methodology updated",Compliance,RegulatoryCompliance
"Structured products transaction monitoring system deployed",Compliance,AMLCompliance
"Data subject access requests processed within deadline",Compliance,DataPrivacy
"Telemarketing Sales Rule compliance program enhanced",Compliance,ConsumerProtection
"Municipal Securities Rulemaking Board regulations reviewed",Compliance,RegulatoryCompliance
"Biometric data collection consent procedures implemented",Compliance,DataPrivacy
"Credit CARD Act disclosure requirements updated",Compliance,ConsumerProtection
"External auditor rotation completed per regulations",Compliance,InternalAudit
"Concentration risk in technology sector exposure monitored",Risk,MarketRisk
"Subprime auto lending portfolio shows stress signs",Risk,CreditRisk
"Cybersecurity incident response team activated successfully",Risk,CyberRisk
"Money market fund liquidity buffers maintained appropriately",Risk,LiquidityRisk
"Operational loss event exceeds insurance coverage",Risk,OperationalRisk
"Private equity investment illiquidity creates funding pressure",Risk,LiquidityRisk
"Credit scoring model bias testing reveals disparate impact",Risk,ModelRisk
"Social media crisis management plan executed effectively",Risk,ReputationalRisk
"Regulatory capital surcharge calculation updated quarterly",Risk,CapitalRisk
"Business process outsourcing arrangement risks assessed",Risk,OperationalRisk
"Structured credit product complexity increases model risk",Risk,ModelRisk
"Customer privacy breach notification sent timely",Risk,CyberRisk
"Interest rate corridor trading strategy limits losses",Risk,MarketRisk
"Trade finance portfolio geographic concentration reviewed",Risk,CreditRisk
"Payment system upgrade causes temporary service disruption",Risk,OperationalRisk
"Board compensation committee reviews director fees annually",Governance,BoardOversight
"Activist shareholder demands board representation",Governance,ShareholderRights
"Insider trading policy updated with additional restrictions",Governance,CorporatePolicy
"Lead independent director role created for board",Governance,BoardOversight
"Annual shareholder meeting attendance reaches record high",Governance,ShareholderRights
"Corporate philanthropy policy aligns with business strategy",Governance,CorporatePolicy
"Board skills matrix identifies expertise gaps",Governance,BoardOversight
"Proxy contest defense strategy developed proactively",Governance,ShareholderRights
"Supplier diversity program targets minority-owned businesses",Governance,CorporatePolicy
"Board meeting frequency increased during crisis periods",Governance,BoardOversight
"Shareholder advisory vote on merger terms approved",Governance,ShareholderRights
"Political activity disclosure policy transparency enhanced",Governance,CorporatePolicy
"Risk committee charter includes climate risk oversight",Governance,BoardOversight
"Cumulative voting rights eliminated in charter amendment",Governance,ShareholderRights
"Document retention policy updated for litigation holds",Governance,CorporatePolicy
"Leverage ratio constraint limits balance sheet growth",Risk,CapitalRisk
"Credit card fraud losses increase operational risk",Risk,OperationalRisk
"Treasury bond portfolio duration mismatch creates risk",Risk,MarketRisk
"Brokered deposit concentration exceeds prudent limits",Risk,LiquidityRisk
"Advanced persistent threat detected in network",Risk,CyberRisk
"Student loan portfolio delinquency rates climb",Risk,CreditRisk
"Disaster recovery site fails during testing exercise",Risk,OperationalRisk
"Mortgage servicing rights valuation model updated",Risk,ModelRisk
"Negative earnings announcement damages stock price",Risk,ReputationalRisk
"Supplementary leverage ratio reported to Federal Reserve",Risk,CapitalRisk
"Equipment financing portfolio credit migration tracked",Risk,CreditRisk
"Core banking system conversion executed successfully",Risk,OperationalRisk
"Value-at-Risk model backtesting shows acceptable performance",Risk,ModelRisk
"Customer service quality metrics decline below targets",Risk,ReputationalRisk
"Repo market disruption affects short-term funding costs",Risk,LiquidityRisk
"Truth in Savings Act disclosure accuracy verified",Compliance,ConsumerProtection
"Office of the Comptroller examination rating maintained",Compliance,RegulatoryCompliance
"International sanctions compliance program tested",Compliance,AMLCompliance
"Chief Audit Executive independence confirmed annually",Compliance,InternalAudit
"Data governance framework implementation accelerated",Compliance,DataPrivacy
"Suspicious activity report quality assurance program",Compliance,AMLCompliance
"Fair Housing Act compliance testing passed",Compliance,ConsumerProtection
"Comprehensive liquidity analysis and review submitted",Compliance,RegulatoryCompliance
"Management discussion and analysis disclosure updated",Compliance,FinancialReporting
"Financial Crimes Enforcement Network guidance implemented",Compliance,AMLCompliance
"State attorney general inquiry responded to promptly",Compliance,RegulatoryCompliance
"Personal data breach cost assessment completed",Compliance,DataPrivacy
"Gramm-Leach-Bliley Act privacy notice updated",Compliance,ConsumerProtection
"Public Company Accounting Oversight Board standards followed",Compliance,FinancialReporting
"Basel Committee guidance on operational resilience adopted",Risk,OperationalRisk
"Earnings guidance revision impacts investor relations strategy",Governance,ShareholderRights
"Board succession planning process includes emergency scenarios",Governance,BoardOversight
"Environmental impact assessment for new facilities",Governance,CorporatePolicy
"Shareholder engagement on executive compensation increases",Governance,ShareholderRights
"Anti-bribery policy compliance monitoring enhanced",Governance,CorporatePolicy
"Board committee effectiveness evaluation conducted",Governance,BoardOversight
"Institutional Shareholder Services recommendations addressed",Governance,ShareholderRights
"Human rights policy development for global operations",Governance,CorporatePolicy
"Board technology committee established for digital transformation",Governance,BoardOversight
"Glass Lewis voting guidelines analysis completed",Governance,ShareholderRights
"Tax strategy disclosure policy implemented",Governance,CorporatePolicy
"Independent board evaluation facilitator engaged",Governance,BoardOversight
"Shareholder rights plan adopted as takeover defense",Governance,ShareholderRights
"Corporate culture assessment survey conducted",Governance,CorporatePolicy
"Board gender diversity target achieved ahead of schedule",Governance,BoardOversight
"Derivative instrument fair value hedge effectiveness tested",Risk,MarketRisk
"Commercial loan portfolio geographic concentration assessed",Risk,CreditRisk
"Employee fraud investigation uncovers control weaknesses",Risk,OperationalRisk
"Deposit insurance premium calculation method changed",Risk,LiquidityRisk
"Multi-factor authentication deployment prevents breaches",Risk,CyberRisk
"Collateralized loan obligation investment risk evaluated",Risk,CreditRisk
"Automated clearing house processing error discovered",Risk,OperationalRisk
"Expected credit loss model implementation completed",Risk,ModelRisk
"Executive departure announcement managed carefully",Risk,ReputationalRisk
"Common equity tier 1 ratio exceeds regulatory minimums",Risk,CapitalRisk
"Energy sector loan exposure stress tested",Risk,CreditRisk
"Business email compromise attack prevented by training",Risk,OperationalRisk
"Monte Carlo simulation model validation performed",Risk,ModelRisk
"Customer satisfaction survey results below expectations",Risk,ReputationalRisk
"Federal Home Loan Bank advance capacity evaluated",Risk,LiquidityRisk
"Electronic Signatures in Global and National Commerce Act compliance",Compliance,ConsumerProtection
"Beneficial ownership information collection system deployed",Compliance,AMLCompliance
"California Financial Information Privacy Act requirements met",Compliance,DataPrivacy
"Section 404 internal control assessment completed",Compliance,FinancialReporting
"Investment Advisers Act compliance examination passed",Compliance,RegulatoryCompliance
"Customer due diligence rule implementation completed",Compliance,AMLCompliance
"Fair and Accurate Credit Transactions Act compliance verified",Compliance,ConsumerProtection
"Foreign Account Tax Compliance Act reporting submitted",Compliance,RegulatoryCompliance
"Geographic information system transaction monitoring enhanced",Compliance,AMLCompliance
"European Union privacy shield certification renewed",Compliance,DataPrivacy
"Americans with Disabilities Act website accessibility achieved",Compliance,ConsumerProtection
"Bank Holding Company Act compliance assessment completed",Compliance,RegulatoryCompliance
"Personally identifiable information inventory updated",Compliance,DataPrivacy
"Real Estate Procedures Act compliance training delivered",Compliance,ConsumerProtection
"External audit firm independence evaluation completed",Compliance,InternalAudit
"Credit concentration limits established for industry sectors",Risk,CreditRisk
"Foreign exchange settlement risk managed through netting",Risk,OperationalRisk
"Equity market volatility increases portfolio risk metrics",Risk,MarketRisk
"Contingent convertible bond triggers monitored closely",Risk,CapitalRisk
"Cloud service provider security assessment completed",Risk,CyberRisk
"Consumer lending underwriting standards tightened appropriately",Risk,CreditRisk
"Trade processing system capacity planning updated",Risk,OperationalRisk
"Machine learning algorithm explainability requirements met",Risk,ModelRisk
"Product recall liability insurance coverage reviewed",Risk,ReputationalRisk
"Qualified mortgage rule compliance verification completed",Risk,LiquidityRisk
"Climate risk scenario analysis incorporated into planning",Risk,MarketRisk
"Agricultural loan portfolio seasonal patterns analyzed",Risk,CreditRisk
"Vendor management program cybersecurity requirements enhanced",Risk,OperationalRisk
"Credit valuation adjustment model recalibration performed",Risk,ModelRisk
"Customer complaints escalation process effectiveness measured",Risk,ReputationalRisk
"Total loss absorbing capacity requirement planning initiated",Risk,CapitalRisk
"Board audit committee financial literacy requirements met",Governance,BoardOversight
"Shareholder proposal evaluation process transparency improved",Governance,ShareholderRights
"Modern slavery statement published for UK operations",Governance,CorporatePolicy
"Risk appetite framework annual review completed",Governance,BoardOversight
"Proxy statement plain English requirements compliance verified",Governance,ShareholderRights
"Lobbying activities disclosure policy updated",Governance,CorporatePolicy
"Board meeting executive session frequency increased",Governance,BoardOversight
"Shareholder rights bylaw amendments approved overwhelmingly",Governance,ShareholderRights
"Charitable giving policy aligned with corporate values",Governance,CorporatePolicy
"Non-executive chairman role defined clearly",Governance,BoardOversight
"Annual meeting virtual attendance option implemented",Governance,ShareholderRights
"Supply chain sustainability standards established",Governance,CorporatePolicy
"Board cybersecurity expertise recruitment prioritized",Governance,BoardOversight
"Dividend policy communication strategy enhanced",Governance,ShareholderRights
"Workplace harassment prevention policy strengthened",Governance,CorporatePolicy
"Cryptocurrency exposure risk assessment completed",Risk,MarketRisk
"Peer-to-peer lending platform partnership risks evaluated",Risk,CreditRisk
"Robotic process automation failure causes data errors",Risk,OperationalRisk
"Central bank digital currency impact study conducted",Risk,LiquidityRisk
"Internet of Things device security vulnerabilities addressed",Risk,CyberRisk
"Green bond portfolio environmental impact measured",Risk,CreditRisk
"Artificial intelligence model deployment risk assessed",Risk,OperationalRisk
"Quantum computing threat to encryption evaluated",Risk,CyberRisk
"Social impact bond investment performance tracked",Risk,ModelRisk
"Influencer marketing campaign compliance verified",Risk,ReputationalRisk
"Buy now pay later partnership credit risk managed",Risk,CreditRisk
"Blockchain technology implementation pilot launched",Risk,OperationalRisk
"Environmental social governance rating methodology updated",Risk,ModelRisk
"Reputation management software deployment completed",Risk,ReputationalRisk
"Digital asset custody service risk framework developed",Risk,CapitalRisk
"Open banking regulation compliance program established",Compliance,RegulatoryCompliance
"Artificial intelligence ethics committee formed",Compliance,DataPrivacy
"Digital operational resilience act preparation initiated",Risk,OperationalRisk
"Central bank digital currency regulatory guidance reviewed",Compliance,RegulatoryCompliance
"Algorithmic accountability act implications assessed",Compliance,AMLCompliance
"Sustainable finance taxonomy regulation compliance planned",Compliance,ConsumerProtection
"Payment services directive implementation completed",Compliance,RegulatoryCompliance
"Cloud computing regulatory guidance interpretation updated",Compliance,DataPrivacy
"Crypto asset anti-money laundering rules implemented",Compliance,AMLCompliance
"Digital identity verification standards adopted",Compliance,ConsumerProtection
"RegTech solution deployment accelerated compliance reporting",Compliance,FinancialReporting
"Supervisory technology implementation enhances oversight",Compliance,InternalAudit
"Digital euro preparation task force established",Compliance,RegulatoryCompliance
"Green taxonomy regulation reporting requirements met",Compliance,DataPrivacy
"Sustainable finance disclosure regulation compliance achieved",Compliance,ConsumerProtection